Aerolinea,Origen,Destino,Número de vuelos,Precio medio,Duración media del vuelo,Número promedio de escalas,Promedio días de antelación,Porcentaje de vuelos business,Número de vuelos_log,Precio medio_log,Duración media del vuelo_log,Promedio días de antelación_log,Número de vuelos_log_log,Precio medio_log_log,Duración media del vuelo_log_log,Promedio días de antelación_log_log
Air India,Ahmedabad,Mumbai,39,257.4896923076923,7.24722282051282,1.0,1.205128205128205,0.10256410256410256,3.6888794541139363,5.554855818134856,2.1098765158580997,0.7907856501238613,1.5451936315479267,1.8802061212658754,1.134583019890993,0.5826544342432659
Vistara,Kolkata,Bangalore,4655,371.57263157894914,15.63238630504819,1.1108485499462943,24.83609022556391,0.46960257787325455,8.445911989411274,5.920432002917246,2.811351776900227,3.251772360406113,2.245582054196905,1.9344781958482533,1.3379839232996804,1.4473359219830688
Vistara,Ahmedabad,Bangalore,237,358.48559071729966,6.04201772151899,1.0,1.6624472573839664,0.18565400843881857,5.472270673671475,5.884674094903854,1.9518947372759865,0.979245721406082,1.867527001142399,1.9292977955343096,1.0824472479981202,0.6827158233422153
Air India,Delhi,Chennai,178,335.6456573033712,5.475327584269663,0.8651685393258427,1.6741573033707864,0.4887640449438202,5.187385805840755,5.81903091517059,1.86799919847106,0.9836343039393348,1.8225126721028055,1.919717367209217,1.0536146432642037,0.6849306692619584
Air India,Chennai,Delhi,208,308.0801201923076,5.21318096153846,0.8846153846153846,1.6826923076923077,0.46634615384615385,5.342334251964811,5.733600531936498,1.826672996931089,0.9868208826799929,1.8472468792313919,1.9071099979125676,1.0391004006135325,0.6865358149065083
Vistara,Chennai,Kolkata,3098,346.17190574564086,17.098595890897037,1.0071013557133635,24.597159457714653,0.4289864428663654,8.038834757787749,5.849820062881049,2.8958343601741157,3.2424813866461255,2.2015302676211563,1.9242223837365713,1.3599078695207656,1.4451483307615522
Air India,Mumbai,Hyderabad,140,326.2804285714285,8.050536,0.9714285714285714,1.7214285714285715,0.49285714285714294,4.948759890378168,5.790817383114995,2.2028239824773506,1.0011569525173967,1.783182776049518,1.9155713147547695,1.1640329151605033,0.6937254895657509
Vistara,Kolkata,Hyderabad,3479,351.714282552457,16.46004119287176,1.0583501006036218,25.622592699051452,0.4696751940212705,8.15478757276852,5.865658331325589,2.859914909679679,3.2817602048828007,2.214276974445858,1.926531931392066,1.3506451391093288,1.4543641878714144
Air India,Bangalore,Kolkata,120,396.3147833333333,6.618472333333329,1.0,1.7916666666666665,0.49166666666666664,4.795790545596741,5.984728871625738,2.030575868409663,1.0266387890430204,1.757131886054717,1.9437261761539602,1.108752657043751,0.7063786518089551
Vistara,Chennai,Bangalore,4083,310.36665760469964,14.402389975508019,1.1146216017634092,25.331863825618417,0.45530247367132015,8.314832179284556,5.740971181106849,2.7345226905931685,3.270779758151366,2.2316079877113935,1.90820400669629,1.317620016735251,1.4517964237189842
Air India,Hyderabad,Kolkata,80,352.03066249999966,5.522291500000001,0.9625,1.6375,0.45,4.394449154672439,5.866554915767191,1.8752257712472127,0.9698314988021849,1.6853704905634923,1.92666251259216,1.0561312002955283,0.6779480054887381
Air India,Mumbai,Kolkata,139,374.9435467625898,6.408633381294967,0.9424460431654677,1.6690647482014387,0.5179856115107914,4.941642422609304,5.929438990528661,2.0026459933238425,0.9817281294767433,1.781985597277665,1.9357788561772125,1.0994938977112434,0.6839692567094242
Vistara,Chennai,Delhi,4330,341.8630461893746,11.468316020785398,0.9145496535796767,25.321016166281755,0.47344110854503463,8.373553741214627,5.837331085184838,2.523190708133872,3.270367713853245,2.237892292352231,1.922397463265226,1.2593670302056297,1.4516999391892906
Vistara,Kolkata,Delhi,3289,374.9034387351718,12.524807430830164,0.849802371541502,24.504712678625722,0.4597141988446336,8.098642843759418,5.929332298533535,2.6045255866149297,3.238863246015444,2.208125264352204,1.9357634591419481,1.2821901633571882,1.444295130943157
Air India,Bangalore,Mumbai,181,326.2132044198896,5.269384254143649,0.9171270718232044,1.6243093922651934,0.43646408839779005,5.204006687076795,5.7906119597208265,1.8356781447416368,0.9648177727688154,1.8251953231790878,1.9155410641251782,1.0422811130692864,0.6753995045165094
Air India,Kolkata,Delhi,134,329.17360447761206,7.745895597014929,0.8880597014925373,1.5895522388059702,0.39552238805970147,4.90527477843843,5.7996185903066015,2.1685845156927392,0.9514849799959478,1.775845981748474,1.9168665209481832,1.1532849631491433,0.6685906109632294
Air India,Mumbai,Bangalore,163,345.53361963190184,4.101329570552147,0.9202453987730062,1.6503067484662577,0.4601226993865031,5.099866427824199,5.847979840277901,1.6295012058621758,0.9746753874373479,1.8082668738615209,1.9239536949504554,0.9667941726370695,0.6804040240531539
Air India,Chennai,Ahmedabad,64,337.65599999999995,7.595182343750004,1.0,1.703125,0.46875,4.174387269895637,5.824984842911314,2.151201853705762,0.9944085111381071,1.6437209301888343,1.9205901202497022,1.147783920928309,0.6903475207362095
Air India,Kolkata,Bangalore,110,392.5928,7.329924636363632,1.0,1.709090909090909,0.45454545454545453,4.709530201312334,5.975316872327858,2.1198544088825586,0.9966131207129882,1.742136743805324,1.9423777563999547,1.1377863369129084,0.6914523054266872
Air India,Delhi,Kolkata,123,322.9328130081301,6.307180406504064,0.9105691056910569,1.7154471544715446,0.38211382113821135,4.820281565605037,5.780536127029909,1.9888574820491278,0.9989566376042829,1.7613486395430595,1.9140561736092307,1.094891201351762,0.6926253632391067
Air India,Delhi,Bangalore,186,301.2072634408602,5.690233494623655,0.8494623655913979,1.682795698924731,0.46236559139784944,5.231108616854587,5.711113084761116,1.900648775567496,0.9868594220383173,1.8295542650992234,1.9037648216914278,1.0649344276847295,0.6865552122185063
Air India,Hyderabad,Mumbai,120,274.3101166666665,5.212015583333332,0.9416666666666667,1.6083333333333334,0.325,4.795790545596741,5.6178981592636665,1.8264854138688273,0.9587114477581072,1.757131886054717,1.8897778209349105,1.039034036627704,0.6722868324308929
Vistara,Bangalore,Chennai,4140,290.695472463772,14.996648565217178,1.0729468599033816,25.282608695652176,0.41352657004830917,8.328692583545568,5.67571035554572,2.772379235625066,3.268907454125698,2.233094874659105,1.898475618930549,1.3277058993847402,1.451357928957027
Air India,Delhi,Mumbai,224,318.450982142857,5.108928660714289,0.8482142857142857,1.6473214285714286,0.48660714285714285,5.41610040220442,5.766603841524318,1.8097514158640196,0.9735483471426856,1.8588105191644075,1.9119993128327353,1.0330960153271436,0.6798331139928129
Air India,Kolkata,Mumbai,108,294.0152314814815,5.896682222222222,0.9351851851851852,1.5277777777777777,0.3055555555555556,4.6913478822291435,5.687026987147542,1.9310404586047618,0.9273405680607401,1.7389471062414086,1.9001693788267517,1.0753574653198592,0.6561411086689509
Vistara,Kolkata,Mumbai,4658,372.1685197509651,12.889772069557363,0.9695148132245599,25.398454272219837,0.458995276942894,8.446556111816797,5.922030113193918,2.6311527469525164,3.2733054581434318,2.24565024247197,1.9347090955639783,1.2895501590088356,1.45238763974778
Air India,Chennai,Kolkata,118,381.82575423728815,5.381568050847459,0.9661016949152542,1.7203389830508473,0.4576271186440678,4.77912349311153,5.947579935887505,1.8534138431536262,1.0007564986643511,1.7542520263946595,1.9383933882736222,1.0485161171459894,0.6935253583738762
Vistara,Mumbai,Chennai,4803,360.4915227982541,13.418391274203687,1.0480949406620863,24.40474703310431,0.46491775973349986,8.477204183199873,5.890238591249876,2.6685045635114895,3.23493604762963,2.248889355386267,1.930105713054439,1.2997841031431947,1.4433682270760968
Vistara,Ahmedabad,Chennai,123,437.976,5.152168130081302,1.0,1.6829268292682928,0.25203252032520324,4.820281565605037,6.084444741876856,1.816804561166916,0.9869082990881085,1.7613486395430595,1.9579014991296118,1.0356031081299437,0.6865798120709505
Air India,Bangalore,Hyderabad,91,455.72335164835147,7.039468791208787,0.978021978021978,1.5274725274725274,0.7032967032967034,4.5217885770490405,6.124077850147976,2.0843630102629316,0.9272198024063453,1.7087018253879918,1.9634802932380007,1.1263451563820406,0.6560784474869601
Air India,Bangalore,Delhi,175,283.75687999999985,5.166619199999998,0.8285714285714285,1.6800000000000002,0.46857142857142864,5.170483995038151,5.651635763580621,1.8191507460892473,0.9858167945227654,1.8197772781208725,1.8948628039055768,1.0364356857250283,0.6860303128898653
Vistara,Delhi,Kolkata,4108,393.30428042843187,14.416530606134502,0.9965920155793574,24.987828627069135,0.48271665043816936,8.32093496888341,5.9771228965904,2.735440349703347,3.2576282986864427,2.2322629422156526,1.9426366393340566,1.3178657098156166,1.44871226784792
Vistara,Chennai,Hyderabad,3214,318.52504542625843,16.056593556316027,1.1325451151213441,25.234909769757312,0.46639701306782827,8.07558263667172,5.766835660185857,2.8365368478185804,3.2670909578248635,2.2055875804780976,1.9120335714794794,1.3445700971296866,1.450932320553513
Air India,Delhi,Hyderabad,121,297.5697272727273,4.583334545454545,0.8760330578512396,1.8512396694214877,0.4462809917355372,4.804021044733257,5.699003497757688,1.7197861866992787,1.0477538714346186,1.7585509609170318,1.9019587836573104,1.000553269387001,0.7167435199915058
Vistara,Bangalore,Delhi,5723,319.00333356631324,9.892709264371703,0.8595142407828062,24.51528918399441,0.48838022016424953,8.652423140676342,5.7683314131342405,2.388093690610246,3.2392778483335176,2.267208986490659,1.912254588766724,1.220267430070453,1.4443929359487095
Vistara,Delhi,Mumbai,6205,296.7746673650283,10.015111450443069,0.7616438356164383,24.035132957292507,0.4887993553585817,8.733271845008325,5.69633705069818,2.399268098264224,3.2202801566243067,2.275550103292507,1.9015606680461274,1.2235601432328287,1.4399015136700113
Vistara,Hyderabad,Delhi,3848,266.8978149688145,11.135109132016847,0.8692827442827443,24.73180873180873,0.41138253638253636,8.255568653283746,5.590605620372526,2.496102832299795,3.247727920434261,2.2252253869562693,1.8856452441966622,1.2516488716340946,1.4463842330264305
Air India,Chennai,Hyderabad,100,347.4392899999999,8.017834100000002,1.0,1.63,0.48,4.61512051684126,5.853464011295073,2.1992041832894214,0.9669838461896731,1.7254630513334037,1.9247542195330403,1.1629020861544621,0.6765013269632728
Vistara,Hyderabad,Chennai,3223,318.73784207260087,15.59967423518443,1.0440583307477505,25.405212534905367,0.4669562519391871,8.07837810362652,5.767501416507281,2.809383070783457,3.273561435166661,2.2058955537096017,1.9121319518165716,1.3374672523486726,1.4524475393639786
Air India,Kolkata,Ahmedabad,34,394.884794117647,3.6480420588235294,1.0,2.264705882352941,0.6176470588235294,3.5553480614894135,5.981123244982564,1.536446068308913,1.1831696766961728,1.5163019408528369,1.9432098271774454,0.9307639155509433,0.7807778009312225
Vistara,Hyderabad,Kolkata,3444,342.1115444250867,15.591894099883662,1.0824622531939605,25.73780487804878,0.45412311265969796,8.144679183447758,5.838055596704599,2.80891426886577,3.2860784769820848,2.213172200139202,1.9225034217345978,1.33734417972565,1.455372206958906
Vistara,Mumbai,Hyderabad,5197,328.08911314219677,12.796800992880272,0.9697902636136232,24.31498941697133,0.45834135077929583,8.556029215201436,5.796328574703838,2.6244367531804533,3.2313966873681146,2.257172286721493,1.9163825508904815,1.2876988978011805,1.4425321246977738
Vistara,Kolkata,Chennai,2943,349.0267179748549,16.989843149847047,1.052667346245328,24.391097519537887,0.43662928984029903,7.987524479848767,5.858009488640947,2.8898073291833017,3.2343986212312634,2.1958374468096604,1.9254172376269612,1.3583596266307851,1.4432413159502293
Vistara,Ahmedabad,Delhi,234,322.6983034188034,5.432230128205129,0.905982905982906,1.6111111111111112,0.1581196581196581,5.459585514144159,5.779811919703769,1.8613213098754822,0.9597758438138939,1.865565153838859,1.9139493611108593,1.0512835146042137,0.6728301013011302
Vistara,Delhi,Hyderabad,4275,266.4999445614044,12.930978523976764,0.8893567251461988,24.292397660818715,0.4025730994152047,8.360773272144936,5.589119359088953,2.6341150311233563,3.23050386286332,2.236527901622506,1.8854197066695608,1.2903656236071082,1.442321102480529
Air India,Hyderabad,Chennai,114,317.14736842105253,4.44027798245614,1.0,1.6491228070175439,0.34210526315789475,4.74493212836325,5.76251469814075,1.6938301592785074,0.9742285689803742,1.748318097194945,1.9113948176476132,0.9909640319319575,0.6801777240652018
Air India,Bangalore,Ahmedabad,52,298.2468076923076,3.0092951923076927,1.0,1.6346153846153846,0.3653846153846153,3.970291913552122,5.701268676686304,1.3886154633536516,0.9687372072466975,1.603478573504849,1.9022968632008754,0.8707138940458754,0.6773923256642553
Vistara,Ahmedabad,Hyderabad,65,374.22220000000004,6.926153230769231,1.0,1.4,0.23076923076923075,4.189654742026425,5.927518383825183,2.0701678272547523,0.8754687373538999,1.6466671712706678,1.9355016514974417,1.1217322269631531,0.6288586214346804
Vistara,Mumbai,Delhi,6189,293.3528067539148,9.451889111326551,0.7615123606398448,24.159153336564874,0.4868314751979318,8.730690365678642,5.684779070859129,2.3467827382762687,3.225221780096109,2.275284845960328,1.899833161520004,1.2079995077459138,1.441071751761903
Air India,Hyderabad,Delhi,88,364.0194999999999,5.333995909090908,0.7954545454545454,1.5795454545454546,0.6590909090909091,4.48863636973214,5.899950776812979,1.8459313022512107,0.9476132030031963,1.7026798402849839,1.9315142777825476,1.0458903610246781,0.666604624417826
Air India,Kolkata,Chennai,110,393.0491000000002,4.683104818181818,0.9727272727272728,1.7727272727272727,0.43636363636363634,4.709530201312334,5.976475520822936,1.7374977063085069,1.0198314108149953,1.742136743805324,1.9425438495391143,1.0070442572640972,0.7030140479375578
Vistara,Chennai,Ahmedabad,149,319.4833355704698,4.253859530201342,1.0,1.6778523489932886,0.24161073825503357,5.0106352940962555,5.769830279908994,1.6589629551239349,0.9850151109444043,1.7935304491330344,1.9124760171725685,0.977936180281146,0.6856265266766288
Vistara,Hyderabad,Ahmedabad,113,377.69853097345134,5.517551681415933,1.0,1.7079646017699115,0.3805309734513274,4.736198448394496,5.936740455770178,1.8744987964321214,0.9961972832400402,1.7467966996992919,1.9368319892258112,1.055878327375997,0.6912440123036079
Vistara,Delhi,Ahmedabad,184,365.3852065217393,4.80090331521739,0.8913043478260869,1.5489130434782608,0.30978260869565216,5.220355825078325,5.903685256771281,1.7580136494285337,0.9356670108372938,1.8278271117190852,1.932055364209389,1.0145107283902393,0.6604519755264853
Vistara,Bangalore,Ahmedabad,183,297.5089453551914,5.746265956284152,1.0,1.530054644808743,0.1748633879781421,5.214935757608986,5.698799900072718,1.9089891601558713,0.9282409012448131,1.8269553882413483,1.9019283909609945,1.0678056531932554,0.6566081371613355
Vistara,Bangalore,Kolkata,4609,393.76718246908604,14.928722779344568,1.1128227381210676,24.683445432848774,0.5061835539162508,8.435983135990694,5.978296179659227,2.768123943641978,3.245846637767871,2.24453037434488,1.942804786641591,1.3265772499210002,1.445941243403095
Vistara,Hyderabad,Bangalore,4614,298.81326072820815,13.648293216298022,1.0390117035110533,25.09102730819246,0.4419159081057651,8.437067146936952,5.7031598166055995,2.684323824668996,3.261591473927003,2.244645248298078,1.9025790296405398,1.304087014820229,1.4496426759444918
Vistara,Hyderabad,Mumbai,4608,320.8642536892371,11.639990217013931,0.9357638888888888,25.069444444444443,0.4405381944444444,8.435766192720509,5.774129884264111,2.536865614747995,3.2607639175704533,2.2445073830189126,1.913110928150958,1.2632409153675348,1.4494484675781107
Air India,Kolkata,Hyderabad,50,423.24699999999996,6.8784998,0.94,1.62,0.62,3.9318256327243257,6.050315832787035,2.06413750503442,0.9631743177730056,1.5957092304038698,1.9530724147976175,1.1197661284935743,0.674562713069976
Air India,Chennai,Bangalore,87,300.43452873563206,5.998660000000001,0.9770114942528736,1.6666666666666665,0.4367816091954023,4.477336814478207,5.708552840797428,1.9457187021590974,0.9808292530117262,1.700619000072578,1.9033832557107317,1.0803528288104407,0.6835155716804541
Air India,Delhi,Ahmedabad,51,299.4120196078431,3.9401992156862757,0.9215686274509804,1.8823529411764706,0.5098039215686274,3.9512437185814275,5.705154931099651,1.597405657448716,1.0586069540544105,1.5996388013001026,1.9028766232675267,0.9545131228114145,0.722029518154947
SpiceJet,Bangalore,Delhi,756,77.05581481481477,13.020877460317461,0.7817460317460317,24.063492063492063,0.0,6.6293632534374485,4.357424145337102,2.640547465975923,3.2214122878641094,2.0320043887913535,1.6784832896721933,1.2921340730799291,1.4401697374305984
Air India,Mumbai,Delhi,216,335.64498611111117,4.091781250000002,0.8472222222222222,1.6481481481481481,0.5231481481481481,5.37989735354046,5.819028921403806,1.6276277202279896,0.9738605836956329,1.8531520084405109,1.9197170748264574,0.966081431618222,0.67999131222313
Air India,Bangalore,Chennai,173,397.0842312138729,5.691906647398845,0.9884393063583815,1.7630057803468207,0.5086705202312138,5.159055299214529,5.986663619108414,1.90089883314665,1.016319137993677,1.81792340526738,1.9440031345883217,1.0650206314345474,0.7012736402568202
Vistara,Mumbai,Bangalore,5602,387.07678222063447,11.366294746518914,0.9034273473759371,24.359157443770084,0.4991074616208497,8.631057447565285,5.961203212366394,2.514974606087557,3.233139905191001,2.2649930274207946,1.9403523347451077,1.2570323007948696,1.4429440120653738
Vistara,Mumbai,Kolkata,5028,389.7879757358769,12.963534214399743,1.0119331742243436,25.236475735879075,0.4916467780429594,8.522976436171964,5.968165151363331,2.6364492325134252,3.2671506462095756,2.2537074507965786,1.9413519406704949,1.2910077199797212,1.4509463085298282
SpiceJet,Kolkata,Ahmedabad,8,121.80024999999999,5.604167499999999,0.875,1.25,0.0,2.1972245773362196,4.810559051541588,1.8877008891523468,0.8109302162163288,1.1622831138840004,1.7596767885310665,1.0604606454287053,0.5938406448713454
Air India,Mumbai,Chennai,116,438.14555172413793,6.69539939655173,0.8879310344827587,1.3620689655172413,0.6637931034482759,4.762173934797756,6.084830911026018,2.0406226693294482,0.8595379152817055,1.7513148227387971,1.9579560070887647,1.1120623198815829,0.6203280242163642
SpiceJet,Chennai,Delhi,783,65.56894380587505,15.507407369093292,0.8518518518518519,24.385696040868456,0.0,6.664409020350408,4.198238159569293,2.8038092116271556,3.234185867399796,2.036587408288116,1.6483197527090092,1.3360029887532099,1.4431910705209494
Air India,Ahmedabad,Hyderabad,16,325.5470625,10.323438125,1.0,1.0,0.25,2.833213344056216,5.7885740807485675,2.4268747479508157,0.6931471805599453,1.3437034446606386,1.9152409166816593,1.2316486936254354,0.5265890341390445
Vistara,Ahmedabad,Kolkata,112,313.80407142857143,5.320088482142857,1.0,1.7678571428571428,0.026785714285714284,4.727387818712341,5.751950449841352,1.843733208399822,1.0180734261840974,1.7452595487219797,1.9098314186768812,1.0451176989611664,0.7021433068909321
Vistara,Bangalore,Hyderabad,4912,311.0890708469026,15.826343640065264,1.0217833876221498,24.629885993485342,0.46885179153094464,8.499640032168648,5.743288630550489,2.8229457320785922,3.243759092199303,2.251253906537931,1.9085477333077356,1.341021259499371,1.4454494548143098
Air India,Ahmedabad,Chennai,71,347.17177464788733,8.36514126760563,1.0,1.732394366197183,0.28169014084507044,4.276666119016055,5.852695963301468,2.2369944204171577,1.0051782820220128,1.6632944814375767,1.9246421461301568,1.1746452512531431,0.6957329755197188
Vistara,Chennai,Mumbai,4082,357.5321864282204,12.017481188143265,0.9113179813816756,24.80328270455659,0.4554140127388535,8.314587291319576,5.882018436841474,2.566293160933325,3.2505017204444013,2.2315816972555496,1.9289119863663926,1.2715267260824523,1.447037027838023
Air India,Chennai,Mumbai,149,244.12359060402684,3.838757583892617,0.9060402684563759,1.7986577181208054,0.26174496644295303,5.0106352940962555,5.501762534796877,1.576657990233239,1.0291399158533423,1.7935304491330344,1.8720732993440998,0.9464932066163299,0.707612016501343
Air India,Mumbai,Ahmedabad,76,326.6438421052632,2.1381573684210524,0.9605263157894737,1.986842105263158,0.5526315789473685,4.343805421853684,5.791927171184869,1.143635802327166,1.0942166771950717,1.6759380249901916,1.9157347262167028,0.7625033604617457,0.7391795823554513
Vistara,Mumbai,Ahmedabad,216,351.78809722222223,5.19876425925926,0.9166666666666666,1.5787037037037037,0.20833333333333337,5.37989735354046,5.865867585531246,1.8243499591628658,0.947286832243119,1.8531520084405109,1.926562409316652,1.0382782351694604,0.6664370356438458
Air India,Hyderabad,Ahmedabad,28,429.8815714285714,9.024403928571429,1.0,1.9285714285714286,0.8214285714285714,3.367295829986474,6.065833276078017,2.305022512928291,1.074514737089049,1.4741440143630178,1.9552709534247883,1.195443285059055,0.7297272646889315
Vistara,Kolkata,Ahmedabad,113,411.2986637168141,7.085618938053099,1.0,1.6017699115044248,0.35398230088495575,4.736198448394496,6.021747998661795,2.090087043970722,0.956191948626341,1.7467966996992919,1.9490121897000785,1.1281992600827122,0.6709997000424244
SpiceJet,Delhi,Chennai,782,68.09842583120232,14.971685843989789,0.8439897698209718,22.948849104859335,0.0,6.663132695990803,4.235531949489564,2.7708175198358456,3.1759202686254357,2.036420868292835,1.6554684531982646,1.3272918267144487,1.4293347576359603
Air India,Ahmedabad,Delhi,17,353.52964705882357,2.268630588235294,0.47058823529411764,1.5294117647058822,0.6470588235294117,2.8903717578961645,5.870791973106714,1.1843711168400004,0.9279867716373463,1.358504720646626,1.9272793795182348,0.7813279687400317,0.6564763349808669
SpiceJet,Delhi,Kolkata,504,77.34316865079363,11.710962341269862,0.7599206349206349,23.91269841269841,0.0,6.22455842927536,4.361098774838572,2.5424647976199095,3.2153776498904754,1.977486115075459,1.6791689493797477,1.2648227553759244,1.438739184092823
Vistara,Delhi,Bangalore,5654,322.596772019803,9.898381666077205,0.8705341351255749,24.468694729395118,0.4856738592147153,8.640295388550221,5.779498209917659,2.3886143072100965,3.237450040304602,2.2659517501187896,1.9139030888767756,1.220421078892578,1.4439616827384483
Vistara,Bangalore,Mumbai,5607,388.4911760299641,10.729265580524228,0.8833600856072766,24.6422329231318,0.5034777956126271,8.631949428714426,5.964841210445619,2.4620870503492833,3.244240715746214,2.265085638211572,1.9408748087587657,1.2418716009639776,1.4455629382163655
Air India,Hyderabad,Bangalore,105,354.665142857143,7.588650095238096,0.9619047619047619,1.6,0.49523809523809526,4.663439094112067,5.873989678249048,2.150441575246373,0.9555114450274365,1.7340313214932865,1.9277446768625124,1.1475426256307728,0.6706517679334237
Vistara,Delhi,Chennai,4325,342.92466473988276,12.193391160693436,1.108208092485549,25.035838150289017,0.4605780346820809,8.372398606513004,5.84042263554069,2.579716034570992,3.2594739793092327,2.2377690513792827,1.9228495185473466,1.2752834773143784,1.4491456736217239
SpiceJet,Kolkata,Mumbai,926,80.49195464362845,15.976547850971986,0.8758099352051836,24.510799136069114,0.0,6.831953565565855,4.40050429934497,2.831832853439254,3.2391018580475794,2.0582119764013713,1.6864923379773562,1.3433432405349701,1.4443514208734103
Air India,Ahmedabad,Bangalore,55,371.246,7.254546181818181,1.0,1.7636363636363637,0.32727272727272727,4.02535169073515,5.919554926039629,2.1107641009146,1.0165473356138055,1.6144954397020792,1.9343514505148518,1.1348683876263128,0.7013868092009772
SpiceJet,Mumbai,Kolkata,993,78.5144944612284,16.597222215508623,0.8670694864048338,24.535750251762337,0.0,6.901737206656574,4.37593932530899,2.867741060923569,3.240079440978435,2.0670826348753892,1.6819333169423132,1.3526706314317882,1.4445820051481677
Vistara,Ahmedabad,Mumbai,92,320.4943260869565,5.51114206521739,0.9347826086956522,1.5543478260869565,0.010869565217391304,4.532599493153256,5.772979895269863,1.8735148732790736,0.9377969370951187,1.710657776180059,1.912941151864248,1.0555359749672535,0.6615517283581248
SpiceJet,Delhi,Hyderabad,158,66.2006202531645,5.307225696202532,0.639240506329114,22.911392405063292,0.0,5.0689042022202315,4.207682477444314,1.84169591207415,3.174355015034488,1.8031780619573845,1.6501349348149712,1.0444010260875094,1.4289598589515196
Air India,Ahmedabad,Kolkata,35,246.40691428571427,4.923810285714286,1.0,1.9428571428571428,0.05714285714285714,3.58351893845611,5.5110344073678315,1.7789798711990112,1.0793809267402221,1.5224670302876946,1.8734983387389699,1.0220839075527786,0.7320702180373253
SpiceJet,Mumbai,Chennai,171,57.714701754385814,5.106822807017545,0.29824561403508776,21.204678362573098,0.0,5.147494476813453,4.072690151256937,1.8094066390857484,3.1003030037291426,1.8160445966634724,1.623871278709544,1.0329733005804387,1.4110608743281157
SpiceJet,Chennai,Mumbai,214,60.58767289719628,7.246884719626169,0.40654205607476634,21.322429906542055,0.0,5.3706380281276624,4.12046173520848,2.1098355192917957,3.1055919983681104,1.8516996259697707,1.6332446176431112,1.1345698371050141,1.412349946481735
SpiceJet,Ahmedabad,Chennai,4,111.1605,1.8333300000000001,1.0,1.5,0.0,1.6094379124341003,4.719930881193605,1.0414526983568808,0.9162907318741551,0.9591348389208239,1.7439567216112861,0.7136616614658998,0.65039140701146
SpiceJet,Delhi,Ahmedabad,7,69.05171428571428,4.683337142857143,0.5714285714285714,1.5714285714285714,0.0,2.0794415416798357,4.249233744799267,1.737538585358636,0.9444616088408514,1.1247482629090362,1.6580821125797343,1.0070591901514616,0.6649851309581541
SpiceJet,Ahmedabad,Bangalore,6,158.60899999999998,5.709721666666667,1.0,1.8333333333333335,0.0,1.9459101490553132,5.07272707440324,1.9035574697457098,1.0414538748281612,1.0804178182729878,1.80380777508608,1.0659366988993528,0.7136622377569608
GO FIRST,Delhi,Kolkata,14,101.78457142857143,5.242262142857143,0.8571428571428572,1.5714285714285714,0.0,2.70805020110221,4.632635258377772,1.831342639579562,0.9444616088408514,1.3105061862047918,1.7285774069512054,1.0407510300952094,0.6649851309581541
SpiceJet,Chennai,Ahmedabad,4,81.41924999999999,6.4333325,1.0,1.25,0.0,1.6094379124341003,4.411819026136194,2.0059742776903335,0.8109302162163288,0.9591348389208239,1.6885852703806592,1.100601734304928,0.5938406448713454
AirAsia,Kolkata,Mumbai,517,45.95024758220525,11.033881392649928,1.1702127659574468,27.597678916827853,0.0,6.249975242259483,3.849088478956774,2.487726120729141,3.3533255577781484,1.9809980539999918,1.5787907448028506,1.2492499825306833,1.4709400490633004
AirAsia,Chennai,Delhi,723,41.40736929460578,11.834462876901807,1.1756569847856155,28.168741355463347,0.0,6.584791392385716,3.747322151253787,2.5521339651343733,3.373097634353,2.0261451097704404,1.5575807014446847,1.2675485398281674,1.4754715988115503
GO FIRST,Kolkata,Ahmedabad,6,116.40933333333332,5.8444449999999994,0.8333333333333334,1.0,0.0,1.9459101490553132,4.765666404517946,1.9234373743720825,0.6931471805599453,1.0804178182729878,1.7519207419264753,1.0727601069477002,0.5265890341390445
GO FIRST,Bangalore,Delhi,44,104.57124999999999,3.655871363636363,0.9318181818181819,1.5227272727272727,0.0,3.8066624897703196,4.659386080416492,1.5381290819625006,0.925340567394073,1.570002974208493,1.7333154199746805,0.9314272277161817,0.6551028702183725
AirAsia,Delhi,Chennai,722,38.91719667590045,10.920960277008323,1.1426592797783934,28.290858725761773,0.0,6.583409222158765,3.6868072254278865,2.478298218544114,3.3772754784625145,2.025962863996416,1.5447515884655114,1.2465431565185146,1.476426493962444
AirAsia,Delhi,Hyderabad,758,54.89067678100193,8.94551453825857,1.121372031662269,25.846965699208443,0.0,6.6320017773956295,4.023397582369178,2.2971216493545366,3.2901528052283693,2.0323501670332265,1.614106514008444,1.193049860392398,1.4563223512399381
GO FIRST,Mumbai,Delhi,57,104.90854385964914,2.5918133333333335,0.7192982456140351,1.5087719298245614,0.0,4.060443010546419,4.662575927914391,1.2786571817547863,0.9197933624253571,1.6214540309583532,1.7338788996224577,0.8235863140933005,0.6522175565110471
AirAsia,Delhi,Mumbai,666,45.41150150150135,10.07150900900904,0.8663663663663663,27.085585585585587,0.0,6.502790045915623,3.8375473057032643,2.4043750526074446,3.3352564762418573,2.015274957487226,1.5764078372648336,1.2250613846086953,1.4667807725520132
GO FIRST,Bangalore,Kolkata,12,92.33583333333333,2.3215275,0.8333333333333334,1.5,0.0,2.5649493574615367,4.536204099856695,1.200424767480726,0.9162907318741551,1.2711498482847257,1.7113090853844501,0.7886504178550762,0.65039140701146
GO FIRST,Hyderabad,Delhi,5,82.1766,3.158334,0.6,1.2,0.0,1.791759469228055,4.420966058268965,1.425114513290101,0.7884573603642702,1.026672031199051,1.6902740391017959,0.8858787452498236,0.5813534384286917
GO FIRST,Kolkata,Delhi,19,103.73057894736843,4.208771578947369,0.8947368421052632,1.4736842105263157,0.0,2.995732273553991,4.6513911377690915,1.6503440465724133,0.9057086225436181,1.3852268599316875,1.7319017339255836,0.9746894604663394,0.6448539197489878
AirAsia,Mumbai,Hyderabad,228,37.51191666666685,10.818055614035089,1.1754385964912282,27.30263157894737,0.0,5.43372200355424,3.650967717210655,2.4696284987877775,3.342954788981399,1.8615532204780585,1.5370753091752252,1.2440475273592684,1.468554943409022
GO FIRST,Delhi,Mumbai,54,114.57701851851853,4.547839814814816,0.7222222222222222,1.5555555555555556,0.0,4.007333185232471,4.749937134731672,1.7134086294356945,0.9382696385929303,1.6109034750189168,1.7491889216593484,0.9982056413675795,0.6617956361914525
AirAsia,Delhi,Kolkata,785,46.23622547770709,9.475573261146481,1.2828025477707006,26.862420382165606,0.0,6.666956792429207,3.8551610871569566,2.3490461909118516,3.3272788411813226,2.036919769035797,1.580042280833836,1.2086755861659975,1.4649389013160423
AirAsia,Mumbai,Delhi,775,45.90827096774188,9.018774167741928,0.8864516129032258,27.501935483870966,0.0,6.654152520183219,3.8481940131605823,2.304460749624038,3.3499719966834793,2.0352483136645523,1.5786062671825576,1.195273298001583,1.470169407535844
AirAsia,Kolkata,Bangalore,936,52.80480982905952,9.231819850427403,0.9091880341880342,26.460470085470085,0.0,6.842683282238422,3.9853628651987445,2.3255024576347787,3.3127475191106353,2.0595810311938556,1.6065061921786261,1.2016207777692132,1.4615751764462055
GO FIRST,Kolkata,Chennai,2,122.595,1.46667,1.0,1.5,0.0,1.0986122886681096,4.817010091130909,0.9028690628924526,0.9162907318741551,0.7412763113750152,1.760786399692619,0.6433627803201297,0.65039140701146
AirAsia,Bangalore,Kolkata,876,50.37688470319605,7.440353881278495,0.841324200913242,26.03082191780822,0.0,6.776506992372183,3.9391883573638733,2.1330242367903,3.296977767440121,2.0511072646690747,1.5972010175723157,1.1419987479089482,1.4579119308069621
AirAsia,Kolkata,Delhi,843,49.10710201660682,10.605733475682042,1.062870699881376,27.448398576512457,0.0,6.738152494595957,3.91416275486277,2.4514992411485403,3.348091869937523,2.0461629633206257,1.5921213941982053,1.238808699300016,1.4697370982762044
AirAsia,Hyderabad,Bangalore,340,36.017982352941175,5.358088882352923,0.5529411764705883,25.323529411764707,0.0,5.831882477283517,3.6114038041187912,1.8497278419997243,3.270463193658694,1.9216002545355522,1.5285323234779702,1.047223495685529,1.4517222976240816
SpiceJet,Delhi,Mumbai,512,51.1432734375,8.083610058593745,0.51171875,22.853515625,0.0,6.240275845170769,3.953995188228185,2.2064716971433733,3.171931612131581,1.9796593058335408,1.600194359776463,1.1651711728543908,1.4283791448976497
GO FIRST,Ahmedabad,Bangalore,23,123.60604347826086,5.099999130434783,0.8260869565217391,1.5217391304347827,0.0,3.1780538303479458,4.82515710821292,1.8082886286275806,0.9249487946172696,1.4298455472897516,1.7621859704550684,1.032575268854028,0.654899367187135
SpiceJet,Delhi,Bangalore,634,74.90231545741318,12.879955315457453,0.7397476340694007,25.116719242902207,0.0,6.453624998892692,4.329447190621551,2.6304457357260307,3.262575693261525,2.008700491083826,1.673247516217494,1.2893554329494408,1.4498736004018826
GO FIRST,Mumbai,Bangalore,8,53.392624999999995,1.5958575000000002,0.25,1.5,0.0,2.1972245773362196,3.9962285748185327,0.9539169051934584,0.9162907318741551,1.1622831138840004,1.6086833427817189,0.6698360272268268,0.65039140701146
GO FIRST,Ahmedabad,Kolkata,13,140.50469230769232,4.906409230769231,0.8461538461538461,1.5384615384615383,0.0,2.639057329615259,4.952332877718577,1.7760380716034692,0.9315582040049435,1.2917246727283112,1.7837832230029838,1.0210247571050783,0.6583270367654097
GO FIRST,Delhi,Bangalore,36,114.81280555555554,2.2310194444444447,0.8888888888888888,1.5277777777777777,0.0,3.6109179126442243,4.751975142406312,1.1727977049129077,0.9273405680607401,1.52842695055997,1.749543298852786,0.7760156021008038,0.6561411086689509
GO FIRST,Delhi,Chennai,7,113.68657142857143,1.1321414285714286,1.0,1.4285714285714286,0.0,2.0794415416798357,4.742202941680495,0.7571268402063777,0.8873031950009028,1.1247482629090362,1.7478429244530096,0.5636799979518099,0.6351489291556134
AirAsia,Bangalore,Delhi,1621,54.37213448488539,7.891826014805629,0.9821098087600246,26.045033929673043,0.0,7.3914152346753585,4.014076479575075,2.1851324294244274,3.297503399886221,2.127209187383416,1.6122492528258108,1.1584938672568914,1.4580342494057286
GO FIRST,Bangalore,Ahmedabad,18,78.39822222222222,2.6361066666666666,0.7777777777777778,1.5,0.0,2.9444389791664403,4.374475977854092,1.2909135121518927,0.9162907318741551,1.372306733580753,1.6816610767687625,0.8289506516247169,0.65039140701146
AirAsia,Bangalore,Mumbai,636,36.760726415094396,8.24444443396225,0.9040880503144654,27.82389937106918,0.0,6.456769655572163,3.6312695787801395,2.2240227693570525,3.3612048822888925,2.0091222983932866,1.5328310375901961,1.1706298870751042,1.4727483683323788
GO FIRST,Bangalore,Mumbai,9,70.96711111111111,1.3694433333333333,0.33333333333333337,1.4444444444444444,0.0,2.302585092994046,4.2762092245322085,0.8626550471082365,0.8938178760220965,1.1947055233182953,1.6632078899695155,0.6220029145762804,0.638594831757108
AirAsia,Mumbai,Chennai,228,33.821355263157585,9.499707587719277,1.0,28.80263157894737,0.0,5.43372200355424,3.5502308555572606,2.3513474079870527,3.3945966976308033,1.8615532204780585,1.5151779691608687,1.2093624763110955,1.480375763020046
AirAsia,Hyderabad,Chennai,162,33.63303703703713,7.829526790123459,0.7037037037037037,23.679012345679013,0.0,5.093750200806762,3.544808054165744,2.178101422027315,3.2059531798279615,1.8072636887169242,1.5139854944308662,1.156283981396138,1.4365009454610511
GO FIRST,Mumbai,Kolkata,16,91.0064375,5.794791249999999,0.875,1.5,0.0,2.833213344056216,4.5218585474271435,1.9161563260127343,0.9162907318741551,1.3437034446606386,1.708714496994992,1.0702664224531968,0.65039140701146
SpiceJet,Bangalore,Ahmedabad,5,77.8338,1.993332,1.0,1.4,0.0,1.791759469228055,4.36734183890809,1.096387148211601,0.8754687373538999,1.026672031199051,1.6803327839012736,0.7402154575185738,0.6288586214346804
SpiceJet,Ahmedabad,Delhi,4,107.2885,9.852092500000001,0.75,1.5,0.0,1.6094379124341003,4.684798961849829,2.3843579185347776,0.9162907318741551,0.9591348389208239,1.737795763666017,1.2191642040394757,0.65039140701146
AirAsia,Delhi,Bangalore,1611,60.21862011173235,8.244294432029843,1.1080074487895717,26.14587212911235,0.0,7.385230923066573,4.1144513934352815,2.2240065430548155,3.301224995377401,2.1264719349158185,1.6320701391910633,1.170624854125826,1.458899864774068
AirAsia,Mumbai,Bangalore,548,40.32783394160567,8.998570656934312,0.7682481751824818,27.541970802919707,0.0,6.3080984415095305,3.7215362182851544,2.3024421484713953,3.351375663726226,1.9889831088012713,1.5521342166192693,1.1946622397654962,1.4704920396405945
AirAsia,Hyderabad,Delhi,618,44.93635436893192,9.254422880258906,1.0,26.501618122977348,0.0,6.428105272684596,3.8272568377544713,2.3277091130279066,3.3142448437770113,2.0052708158031436,1.5742783638301538,1.2022841131977064,1.4619223019839194
GO FIRST,Ahmedabad,Chennai,2,187.682,1.0916700000000001,1.0,1.0,0.0,1.0986122886681096,5.240063058317482,0.7379627899739661,0.6931471805599453,0.7412763113750152,1.8309902878298725,0.5527136169327476,0.5265890341390445
GO FIRST,Chennai,Delhi,10,66.85799999999999,4.9516659999999995,1.0,1.5,0.0,2.3978952727983707,4.217417286478497,1.7836711803648542,0.9162907318741551,1.223156202527103,1.6520025067488753,1.0237706249954488,0.65039140701146
GO FIRST,Bangalore,Chennai,4,91.87199999999999,6.9333350000000005,1.0,1.5,0.0,1.6094379124341003,4.531222201035734,2.071073502093331,0.9162907318741551,0.9591348389208239,1.710408803960024,1.1220271754260367,0.65039140701146
GO FIRST,Chennai,Ahmedabad,4,79.6565,1.0499999999999998,1.0,1.5,0.0,1.6094379124341003,4.390199396487892,0.7178397931503168,0.9162907318741551,0.9591348389208239,1.684582378019193,0.5410675672640728,0.65039140701146
Indigo,Mumbai,Delhi,1555,47.59289067524182,4.263676250803824,0.529903536977492,26.016077170418008,0.0,7.349873704738337,3.883477237803702,1.6608296896247872,3.2964321395500935,2.12224641356734,1.5858575148530047,0.9786379875515155,1.4577849432905592
AirAsia,Mumbai,Kolkata,471,44.45130360934197,9.849221486199545,1.3906581740976645,28.339702760084926,0.0,6.156978985585555,3.81664150248591,2.384093324988135,3.378941641787067,1.968087962547812,1.5720769014792952,1.2190860196698887,1.4768070608948947
AirAsia,Hyderabad,Kolkata,411,37.48418978102196,7.806082773722607,0.9975669099756691,26.856447688564476,0.0,6.021023349349527,3.6502475019134764,2.1754427069853435,3.327064454427578,1.9489089836740094,1.536920444400752,1.1554470578954354,1.4648893570013635
Indigo,Bangalore,Hyderabad,1356,37.333503687315826,4.959673008849558,0.6836283185840708,27.315634218289084,0.0,7.213031659834869,3.6463242837022003,1.7850156152851715,3.3434140979830866,2.105722119594759,1.5360764303846945,1.0242534802881862,1.4686606973801215
AirAsia,Hyderabad,Mumbai,401,33.850349127182085,9.143724039900246,1.0997506234413965,26.845386533665835,0.0,5.996452088619021,3.5510631551529697,2.3168551930563184,3.3266672985637364,1.9454031760832335,1.5153608661416824,1.1990171030144723,1.4647975686549122
AirAsia,Chennai,Hyderabad,140,26.937435714285748,6.3738089999999925,0.6642857142857144,25.557142857142857,0.0,4.948759890378168,3.3299675713164913,1.9979343976592983,3.279298745672085,1.783182776049518,1.4655600526830028,1.0979235174060669,1.453789151700595
GO FIRST,Kolkata,Mumbai,15,165.66,4.352222666666666,0.8666666666666667,1.5333333333333332,0.0,2.772588722239781,5.115955808954061,1.6775119263451426,0.9295359586241756,1.327761429538331,1.8109010625590345,0.9848879776137466,0.6572795380614151
Indigo,Ahmedabad,Delhi,46,136.61139130434782,2.6773567391304343,0.6739130434782609,1.5,0.0,3.8501476017100584,4.924433707714764,1.3021942166858207,0.9162907318741551,1.579009137828587,1.7790851056964436,0.8338626754141042,0.65039140701146
Indigo,Delhi,Mumbai,1750,53.87037657143091,4.880552428571445,0.5942857142857143,25.18857142857143,0.0,7.467942332285852,4.0049736140222,1.77165070793479,3.26532311058561,2.1362875431745425,1.610432140829651,1.0194430661495462,1.4505179367108216
Indigo,Delhi,Ahmedabad,34,127.7510882352941,2.096563529411765,0.5588235294117647,1.4705882352941178,0.0,3.5553480614894135,4.857880991821089,1.130292957707967,0.9044562742271522,1.5163019408528369,1.7677879327026087,0.7562595090937675,0.6441965474853222
Indigo,Hyderabad,Bangalore,1234,39.299812803889616,4.580111790923822,0.6636952998379255,27.007293354943275,0.0,7.118826249062078,3.696346823877075,1.7192088104082761,3.3324649532192296,2.094185593117022,1.5467849349683715,1.0003409594681727,1.4661366533006368
SpiceJet,Mumbai,Bangalore,143,61.79242657342653,14.849766923076928,0.9300699300699301,27.79020979020979,0.0,4.969813299576001,4.1398344702373295,2.7631547950465194,3.360035391509997,1.7867156538126496,1.6370208747145236,1.3252576468392503,1.4724801746468044
GO FIRST,Kolkata,Bangalore,13,99.14723076923076,5.016666923076924,0.8461538461538461,1.5384615384615383,0.0,2.639057329615259,4.60664141089809,1.7945334387274425,0.9315582040049435,1.2917246727283112,1.7239518612704865,1.0276651655631435,0.6583270367654097
AirAsia,Chennai,Kolkata,317,41.948574132492226,6.286014700315444,0.750788643533123,27.337539432176655,0.0,5.762051382780177,3.7600034495670167,1.9859567161955698,3.3441874073519258,1.9113263030116563,1.5602483929420192,1.0939202034310826,1.4688387233566598
Indigo,Chennai,Hyderabad,1483,43.28421915037111,5.157372393796361,0.8024275118004046,24.838840188806472,0.0,7.302496423727326,3.7906283867333066,1.8176501270944248,3.2518787935729545,2.1165562435221887,1.566661590027993,1.0359032493079776,1.4473609543285684
Indigo,Bangalore,Delhi,2049,69.88037091264032,5.928806725231824,0.7462176671547096,24.479746217667156,0.0,7.6255950721324535,4.260993539249278,1.9356876086542223,3.237883870594202,2.1547339544078854,1.66031989470178,1.076941704769222,1.4440640575344244
SpiceJet,Bangalore,Kolkata,277,58.641072202166086,8.805114332129978,0.6823104693140793,22.736462093862816,0.0,5.627621113690637,4.08834446763846,2.282904120174918,3.1670123508586268,1.8912459334298568,1.6269525257191135,1.1887284331508319,1.4271993164048768
AirAsia,Kolkata,Hyderabad,302,53.906778145695235,9.12883549668874,1.1225165562913908,27.0,0.0,5.713732805509369,4.005636804386212,2.3153863557482866,3.332204510175204,1.904155101148327,1.6105646383172691,1.1985741645837056,1.4660765372061442
GO FIRST,Kolkata,Hyderabad,1,186.219,0.86667,1.0,1.0,0.0,0.6931471805599453,5.232279054619645,0.6241560947856852,0.6931471805599453,0.5265890341390445,1.829742085264872,0.4849883545993675,0.5265890341390445
AirAsia,Kolkata,Chennai,308,54.66506493506503,6.715124480519481,0.8896103896103896,26.931818181818183,0.0,5.733341276897746,4.01935274971309,2.0431826205546257,3.329766475647774,1.9070714954756425,1.6133009910707923,1.112903882441292,1.4655136088389624
Indigo,Kolkata,Ahmedabad,32,172.315,2.98880125,0.90625,1.0,0.0,3.4965075614664802,5.155110748082635,1.383490747164564,0.6931471805599453,1.503300998004841,1.8172827526642463,0.8685661136181049,0.5265890341390445
Indigo,Delhi,Bangalore,2007,68.44861983059256,6.360621160936676,0.7389138016940707,24.858495266567015,0.0,7.60489448081162,4.240587196153246,1.996144326045966,3.2526391839696527,2.1523311670446357,1.6564335523892495,1.0973262374072341,1.4475397746687058
Indigo,Bangalore,Ahmedabad,69,84.62682608695651,2.729467391304349,0.855072463768116,1.4927536231884058,0.0,4.248495242049359,4.4499986229179775,1.3162654329251582,0.9133879722161936,1.6579414149579819,1.6956153559995204,0.8399561614879104,0.6488754781630429
Indigo,Bangalore,Mumbai,1961,57.345729219784204,5.0011047424783,0.7705252422233555,24.582355940846508,0.0,7.581719640125308,4.06638616359087,1.7919435760257416,3.241902892802809,2.1496343176746415,1.6226277752023937,1.0267379755360835,1.4450119640376606
SpiceJet,Mumbai,Delhi,462,50.696863636363794,6.508802380952386,0.4653679653679653,22.634199134199132,0.0,6.137727054086234,3.9453971150003935,2.0160759831462336,3.162694778932327,1.9653943859068015,1.5984572682204419,1.1039566431792358,1.4261626479492655
Indigo,Hyderabad,Chennai,1511,47.18109331568536,5.2498787557908715,0.7590999338186631,24.98808735936466,0.0,7.321188556739479,3.874966689243193,1.8325620644866851,3.2576382545396725,2.1188051000076005,1.5841132714507102,1.041181625237493,1.4487146062017853
SpiceJet,Kolkata,Delhi,449,76.31115367483298,12.288010423162588,0.734966592427617,24.398663697104677,0.0,6.1092475827643655,4.34783823593263,2.5868621567148544,3.234696562290308,1.961396413006317,1.6766924112004475,1.277277769240479,1.4433116755465525
Indigo,Ahmedabad,Hyderabad,31,170.16716129032258,1.6677425806451613,0.8387096774193549,1.0,0.0,3.4657359027997265,5.142640630415837,0.9812326393824387,0.6931471805599453,1.496434016604423,1.8152547198057114,0.6837191961482498,0.5265890341390445
AirAsia,Bangalore,Hyderabad,200,34.60434000000026,3.525875349999999,0.22499999999999998,24.86,0.0,5.303304908059076,3.5724675405399178,1.5098110059571437,3.2526973733437115,1.8410740844298052,1.520053002414585,0.920207453877357,1.4475534576955131
AirAsia,Chennai,Mumbai,230,30.102226086956506,8.720579652173932,1.0,27.121739130434783,0.0,5.442417710521793,3.43727939498231,2.27424525169157,3.336542911773802,1.8629038905519502,1.4900414397589585,1.1860873850290479,1.4670774665791282
Indigo,Chennai,Ahmedabad,66,89.92166666666667,1.683838787878788,0.9090909090909091,1.5,0.0,4.204692619390966,4.509998329949926,0.9872481531768948,0.9162907318741551,1.6495606454510718,1.70656432007039,0.6867508441345831,0.65039140701146
Indigo,Ahmedabad,Chennai,64,165.09814062499998,2.4834639062500004,0.90625,1.484375,0.0,4.174387269895637,5.112578822245936,1.2480271740880104,0.9100211188605597,1.6437209301888343,1.8103487499728064,0.8100530200758262,0.6471142989924679
Indigo,Mumbai,Bangalore,1935,53.50258863049106,5.058410842377224,0.7550387596899225,25.155038759689923,0.0,7.568379267836522,3.9982481983483886,1.8014475284595468,3.2640418587442417,2.148078597786263,1.609087490713258,1.0301362580457436,1.4502175035940275
Indigo,Mumbai,Chennai,1825,58.163499726028604,5.302785353424683,0.7945205479452055,24.863013698630137,0.0,7.509883061154913,4.080304793057543,1.8409916552826375,3.252813905557055,2.141228201145971,1.625371258423919,1.0441531656212175,1.4475808592730384
Indigo,Chennai,Mumbai,1782,56.546964085297425,5.9089693995510695,0.7861952861952862,24.87037037037037,0.0,7.48605261786314,4.05260138113172,1.932820480426227,3.2530983126926873,2.1384239473104194,1.6199032356325218,1.0759645813120862,1.4476477320853698
Indigo,Bangalore,Kolkata,1714,70.54351341890319,6.679507018669762,0.9054842473745625,25.56534422403734,0.0,7.44716835960004,4.270305843876047,2.038555354821922,3.2796075176219794,2.1338312798359538,1.6620883957604022,1.1113821902393832,1.453861303898675
Indigo,Kolkata,Delhi,1948,70.26092659137579,5.505873572895288,0.7705338809034907,24.884496919917865,0.0,7.575071699507561,4.266348163059414,1.872705395476134,3.253644214967698,2.1488593544756545,1.6613371741676368,1.0552542322666838,1.4477760778708415
Indigo,Kolkata,Chennai,1221,67.25241687141688,7.024999991810013,0.8501228501228502,25.414414414414413,0.0,7.108244139731541,4.22321284547349,2.0825616679955203,3.2739098616942077,2.0928813391047973,1.653112700198315,1.125760961694211,1.4525290667574355
Indigo,Chennai,Kolkata,1612,63.98429962779155,7.00608457816379,0.9050868486352357,24.79590570719603,0.0,7.385851078125209,4.174145696531319,2.080201824861793,3.250215785814889,2.126545890198951,1.6436742427278879,1.124995122391177,1.4469697547803286
Indigo,Ahmedabad,Kolkata,65,188.79452307692307,2.6939747692307696,0.9076923076923077,1.5076923076923077,0.0,4.189654742026425,5.2459420294735075,1.3067030515508986,0.9193629309111252,1.6466671712706678,1.8319319775935936,0.8358192546308056,0.6519933241625061
Indigo,Delhi,Kolkata,1959,68.61435017866287,4.982125303726381,0.7799897907095457,24.48340990301174,0.0,7.580699752224563,4.2429707268159635,1.7887759067831563,3.2380276483987878,2.1495154663776734,1.6568882702858454,1.0256027564688897,1.444097983750921
Indigo,Kolkata,Bangalore,1563,67.0073672424824,7.429953077415203,0.8982725527831094,25.914267434420985,0.0,7.355001921105257,4.219616041108769,2.131791205855355,3.2926565338985387,2.122860391982131,1.6524238438460728,1.1416051111092196,1.4569057799617615
Indigo,Kolkata,Hyderabad,1718,79.6495203725259,6.311665692665852,0.8620488940628638,25.00174621653085,0.0,7.449498005382849,4.390112857529677,1.9894711127381854,3.258163697940468,2.1341070319573783,1.6845663230188965,1.0950964863846884,1.448838010528094
Indigo,Ahmedabad,Bangalore,62,119.73499999999999,2.2181438709677423,0.8387096774193549,1.5483870967741935,0.0,4.143134726391533,4.793598061213807,1.168804755764639,0.9354606479818752,1.637662762520353,1.7567535253864413,0.7741762120091358,0.6603453591222735
Indigo,Kolkata,Mumbai,1178,72.81400000000049,6.6757357045840475,0.7750424448217317,26.207979626485567,0.0,7.072421900537371,4.301548415512323,2.0380641461540403,3.303510298898585,2.0884535488481344,1.6679989317596942,1.1112205185504211,1.4594310382493143
Indigo,Mumbai,Kolkata,1763,84.3945167328417,5.72232938173569,0.8667044809982983,24.624503686897334,0.0,7.475339236566737,4.447281891857784,1.9054347286581668,3.2435490689548026,2.137160680378898,1.6951167488263281,1.0665830275270014,1.4453999636822439
Indigo,Mumbai,Hyderabad,774,69.91823385012913,3.567151124031016,0.5129198966408268,23.149870801033593,0.0,6.652863029353347,4.261527577485437,1.5188896240935321,3.1842790302305897,2.035079830026609,1.6604213985582597,0.9238181790597433,1.431334414364621
Indigo,Hyderabad,Kolkata,1762,65.3753291713968,5.881616469920531,0.8603859250851306,24.638479001135074,0.0,7.47477218239787,4.195325438817554,1.9288535763716812,3.2440943089643044,2.137093771772215,1.647759267212304,1.0746110755996516,1.4455284422212151
Indigo,Delhi,Hyderabad,1114,59.00890933572701,5.350553491921021,0.6400359066427289,25.608617594254937,0.0,7.016609683894219,4.094493040127494,1.848541973188083,3.281235133029631,2.0815155998202552,1.6281601602770828,1.0468072750195294,1.4542415504453485
SpiceJet,Hyderabad,Delhi,154,64.5710324675324,11.742640649350667,0.6298701298701299,23.266233766233768,0.0,5.043425116919247,4.183134020186826,2.5449539009855964,3.189085827071855,1.798970923559588,1.6454098965207342,1.2655251559462513,1.4324825304329392
Indigo,Delhi,Chennai,1861,60.34168995163891,6.4946310048361475,0.8167651800107469,24.833960236432027,0.0,7.529406457837013,4.116459708871299,2.014186898165986,3.251689914613471,2.143519776179539,1.6324627367694668,1.1033301082903844,1.4473165308715479
Indigo,Hyderabad,Mumbai,905,70.29969060773486,4.324732729281758,0.5900552486187846,22.930386740331492,0.0,6.80903930604298,4.266891988108379,1.672362518651667,3.1751490631073445,2.0552819480963476,1.661440433001888,0.9829629196197092,1.4291500614037416
Indigo,Chennai,Delhi,1825,60.257726575342154,6.351255709589078,0.7928767123287671,25.203835616438358,0.0,7.509883061154913,4.115089989637677,1.9948711434744788,3.265905797625955,2.141228201145971,1.632194992530878,1.0969012067602157,1.450654537673595
Indigo,Hyderabad,Delhi,1173,61.748525149189675,5.6739343563511975,0.6504688832054561,25.679454390451834,0.0,7.068172000388042,4.1391350741371085,1.8982095445527916,3.2838937707053266,2.087926938703101,1.6368847917933163,1.0640931478934625,1.4548623555239324
SpiceJet,Ahmedabad,Kolkata,11,110.327,6.29318090909091,0.8181818181818181,1.7272727272727273,0.0,2.4849066497880004,4.712471816462963,1.986939789548119,1.0033021088637848,1.2484412575662103,1.7426518225474021,1.0942493815310148,0.6947968734998614
AllianceAir,Delhi,Ahmedabad,2,72.435,0.3125,1.0,1.5,0.0,1.0986122886681096,4.296400661205825,0.27193371548364176,0.9162907318741551,0.7412763113750152,1.6670274693240703,0.24053835309129765,0.65039140701146
AllianceAir,Ahmedabad,Delhi,2,63.189499999999995,0.30833,1.0,1.5,0.0,1.0986122886681096,4.161839645918057,0.26875151479231585,0.9162907318741551,0.7412763113750152,1.641293036481885,0.2380333577322257,0.65039140701146
AkasaAir,Bangalore,Ahmedabad,6,62.09683333333333,0.23611000000000001,0.0,1.5,0.0,1.9459101490553132,4.144670583396158,0.21196935183927607,0.9162907318741551,1.0804178182729878,1.6379613406854303,0.19224660006607114,0.65039140701146
AkasaAir,Delhi,Mumbai,2,81.015,0.21667,0.0,1.5,0.0,1.0986122886681096,4.406902157364449,0.1961176186485648,0.9162907318741551,0.7412763113750152,1.6876763146867515,0.1790809940446924,0.65039140701146
AkasaAir,Ahmedabad,Bangalore,6,65.53616666666666,1.4333233333333333,0.0,1.5,0.0,1.9459101490553132,4.197745659472872,0.8892579498887503,0.9162907318741551,1.0804178182729878,1.6482250045629248,0.6361841328700083,0.65039140701146
AkasaAir,Mumbai,Delhi,2,72.336,2.0833,0.0,1.5,0.0,1.0986122886681096,4.295051620659475,1.1260004519869762,0.9162907318741551,0.7412763113750152,1.666772727950037,0.7542424925194402,0.65039140701146
AkasaAir,Bangalore,Mumbai,16,37.727937499999996,1.7708249999999999,0.0,1.5,0.0,2.833213344056216,3.656561238816632,1.0191451097905433,0.9162907318741551,1.3437034446606386,1.5382772441476098,0.7026742088582486,0.65039140701146
AkasaAir,Chennai,Mumbai,4,34.7435,2.0416499999999997,0.0,1.5,0.0,1.6094379124341003,3.576368434427269,1.1124001313333785,0.9162907318741551,0.9591348389208239,1.5209057653528257,0.7478248040232288,0.65039140701146
GO FIRST,Chennai,Mumbai,2,48.025999999999996,1.9167,0.0,1.5,0.0,1.0986122886681096,3.8923507696306254,1.0704528402075364,0.9162907318741551,0.7412763113750152,1.587672917958953,0.7277673467373409,0.65039140701146
AkasaAir,Mumbai,Bangalore,16,41.1860625,1.6875,0.0,1.5,0.0,2.833213344056216,3.74208989397814,0.9886113934537812,0.9162907318741551,1.3437034446606386,1.5564779444391,0.6874366029318049,0.65039140701146
GO FIRST,Mumbai,Chennai,1,30.921,1.8333,0.0,1.0,0.0,0.6931471805599453,3.4632641004116884,1.041442110053074,0.6931471805599453,0.5265890341390445,1.495880359431102,0.7136564748008969,0.5265890341390445
AkasaAir,Mumbai,Chennai,2,44.649,1.91665,0.0,1.0,0.0,1.0986122886681096,3.8209817009960036,1.0704356973993725,0.6931471805599453,0.7412763113750152,1.5729775797299101,0.7277590669645296,0.5265890341390445
AllianceAir,Hyderabad,Chennai,2,70.048,1.6667,0.0,1.5,0.0,1.0986122886681096,4.263355704956203,0.980841752933602,0.9162907318741551,0.7412763113750152,1.660768790057071,0.6835218821094913,0.65039140701146
AllianceAir,Chennai,Hyderabad,2,59.543,1.58335,0.0,1.5,0.0,1.0986122886681096,4.103353856379688,0.9490870062892376,0.9162907318741551,0.7412763113750152,1.6298979424917026,0.6673610610319654,0.65039140701146
GO FIRST,Ahmedabad,Delhi,7,90.827,2.738085714285714,0.14285714285714285,1.5714285714285714,0.0,2.0794415416798357,4.5199063720293875,1.3185736392909935,0.9444616088408514,1.1247482629090362,1.7083608985562755,0.8409521859542165,0.6649851309581541
GO FIRST,Delhi,Ahmedabad,6,85.47183333333334,1.5805333333333333,0.0,1.5,0.0,1.9459101490553132,4.459818734705871,0.947996095916486,0.9162907318741551,1.0804178182729878,1.6974155904339037,0.6668012010686872,0.65039140701146
AllianceAir,Bangalore,Hyderabad,2,60.84649999999999,1.54165,0.0,1.0,0.0,1.0986122886681096,4.124655508716692,0.9328134764268168,0.6931471805599453,0.7412763113750152,1.6340633049538762,0.6589767012230912,0.5265890341390445
AllianceAir,Hyderabad,Bangalore,4,35.486,1.54165,0.0,1.5,0.0,1.6094379124341003,3.5969286253660275,0.9328134764268168,0.9162907318741551,0.9591348389208239,1.5253883903528984,0.6589767012230912,0.65039140701146
AkasaAir,Ahmedabad,Mumbai,3,99.23466666666666,1.3611,0.0,1.0,0.0,1.3862943611198906,4.607514103532544,0.8591276121407808,0.6931471805599453,0.8697416861919438,1.7241075025285542,0.6201073519673739,0.5265890341390445
Indigo,Ahmedabad,Mumbai,8,126.297875,1.28125,0.0,1.0,0.0,2.1972245773362196,4.846529812572502,0.8247235383486646,0.6931471805599453,1.1622831138840004,1.7658482908022886,0.6014284897229685,0.5265890341390445
Indigo,Mumbai,Ahmedabad,16,64.05918750000001,1.2083249999999999,0.0,1.5,0.0,2.833213344056216,4.175297432495045,0.7922343096121505,0.9162907318741551,1.3437034446606386,1.6438968123780848,0.5834630591370734,0.65039140701146
AkasaAir,Mumbai,Ahmedabad,5,76.26739999999998,1.28332,0.0,1.6,0.0,1.791759469228055,4.347272133132969,0.8256305241729164,0.9555114450274365,1.026672031199051,1.6765865492166707,0.6019254200630842,0.6706517679334237
Indigo,Chennai,Bangalore,364,31.215843406593414,2.7326458791208825,0.2554945054945055,26.615384615384617,0.0,5.8998973535824915,3.4724583628033385,1.3171173331559838,3.3183730310267423,1.931506535200168,1.4979382267550188,0.8403238842871842,1.462878718131207
GO FIRST,Ahmedabad,Mumbai,5,110.05279999999999,1.23332,0.0,1.0,0.0,1.791759469228055,4.7100057638902,0.8034892675617356,0.6931471805599453,1.026672031199051,1.7422200331052728,0.5897232704492313,0.5265890341390445
GO FIRST,Mumbai,Ahmedabad,12,62.52766666666666,2.06945,0.16666666666666666,1.5,0.0,2.5649493574615367,4.151475506548963,1.1214983924548105,0.9162907318741551,1.2711498482847257,1.6392831797666148,0.7521226279200594,0.65039140701146
AkasaAir,Bangalore,Chennai,10,52.347899999999996,1.06668,0.0,1.5,0.0,2.3978952727983707,3.9768346142738746,0.7259434549750279,0.9162907318741551,1.223156202527103,1.6047940693210483,0.5457738313916993,0.65039140701146
Indigo,Bangalore,Chennai,297,27.754010101010103,1.050673063973064,0.0,26.346801346801346,0.0,5.697093486505405,3.3587772392909456,0.7181680631531226,3.3085995694435435,1.9016736242907473,1.472191568323659,0.5412586436629248,1.4606129254326354
AkasaAir,Chennai,Bangalore,10,27.425199999999997,0.96668,0.0,1.5,0.0,2.3978952727983707,3.3472760756716533,0.6763468418815992,0.9162907318741551,1.223156202527103,1.4695494594612937,0.5166169268795452,0.65039140701146
GO FIRST,Hyderabad,Bangalore,2,43.483,1.16665,0.0,1.0,0.0,1.0986122886681096,3.79510709371111,0.7731821958962035,0.6931471805599453,0.7412763113750152,1.567596042540863,0.5727757831752607,0.5265890341390445
AirAsia,Chennai,Bangalore,144,21.24758333333332,1.172222222222222,0.0,26.805555555555557,0.0,4.976733742420574,3.102233388481086,0.7757507090951553,3.3252358408591105,1.7878742218230284,1.411531554297159,0.5742232682172035,1.4644666685755607
SpiceJet,Bangalore,Mumbai,161,66.89208074534162,13.117908944099376,0.8260869565217391,25.4472049689441,0.0,5.087596335232384,4.217919396618993,2.6474441293207613,3.275150480468962,1.8062533133730014,1.6520987394160391,1.2940266837706245,1.4528193018789128
GO FIRST,Ahmedabad,Hyderabad,1,166.85899999999998,14.5,1.0,1.0,0.0,0.6931471805599453,5.123124341291529,2.740840023925201,0.6931471805599453,0.5265890341390445,1.812072479539592,1.3193101915340342,0.5265890341390445
GO FIRST,Hyderabad,Kolkata,1,80.146,10.0,1.0,1.0,0.0,0.6931471805599453,4.396250001310125,2.3978952727983707,0.6931471805599453,0.5265890341390445,1.6857042681303345,1.223156202527103,0.5265890341390445
SpiceJet,Kolkata,Bangalore,277,64.913584837545,12.294223826714806,0.5667870036101083,22.703971119133573,0.0,5.627621113690637,4.188344563473961,2.587329642149447,3.1656425918741995,1.8912459334298568,1.6464146797217947,1.2774080934493546,1.4268705474816035
AkasaAir,Delhi,Bangalore,2,93.247,2.75,0.0,1.5,0.0,1.0986122886681096,4.5459189955828005,1.3217558399823195,0.9162907318741551,0.7412763113750152,1.7130623411696453,0.8423237270072313,0.65039140701146
AkasaAir,Bangalore,Delhi,2,73.76599999999999,2.75,0.0,1.5,0.0,1.0986122886681096,4.314363236188785,1.3217558399823195,0.9162907318741551,0.7412763113750152,1.6704131995722706,0.8423237270072313,0.65039140701146
GO FIRST,Delhi,Hyderabad,2,88.60499999999999,2.0,0.0,1.5,0.0,1.0986122886681096,4.495411121995351,1.0986122886681096,0.9162907318741551,0.7412763113750152,1.703913402526479,0.7412763113750152,0.65039140701146
AkasaAir,Delhi,Ahmedabad,2,74.12899999999999,1.75,0.0,1.5,0.0,1.0986122886681096,4.319206636030275,1.0116009116784799,0.9162907318741551,0.7412763113750152,1.671324163667045,0.6989308785261883,0.65039140701146
AkasaAir,Ahmedabad,Delhi,2,108.394,1.75,0.0,1.5,0.0,1.0986122886681096,4.694956043876913,1.0116009116784799,0.9162907318741551,0.7412763113750152,1.7395808784983162,0.6989308785261883,0.65039140701146
AirAsia,Bangalore,Chennai,143,23.505146853146858,1.0447552447552448,0.0,26.965034965034967,0.0,4.969813299576001,3.1988831711265315,0.7152780976157161,3.3309549785869113,1.7867156538126496,1.4348185782920146,0.5395752235161824,1.4657880670242023
StarAir,Hyderabad,Bangalore,1,40.095,1.1667,0.0,2.0,0.0,0.6931471805599453,3.7158864596004633,0.7732052727305244,1.0986122886681096,0.5265890341390445,1.5509369068128824,0.5727887974521976,0.7412763113750152
GO_FIRST,Delhi,Mumbai,1650,63.38406060606061,6.613151515151561,0.7036363636363636,26.507272727272728,0.0,7.409136443920128,4.164866096358542,2.029877214287013,3.3144504325183184,2.129318786658012,1.6418791770387409,1.1085220953625656,1.4619699543194726
Air_India,Delhi,Mumbai,5007,260.6566606750553,13.673257439584445,0.8743758737767126,25.75753944477731,0.4783303375274615,8.518791912779934,5.567033188924765,2.6860266151940526,3.286816282033106,2.253267940832724,1.8820621610905013,1.3045490798385062,1.4555443320283448
Air_India,Delhi,Bangalore,3060,225.61509803921524,15.092712418300703,0.8516339869281045,24.9359477124183,0.39607843137254906,8.026496938945412,5.423252974967503,2.7783665246897806,3.2556299489679343,2.2001643562758577,1.8599246832960235,1.3292917799082316,1.4482428001782972
GO_FIRST,Delhi,Bangalore,1489,62.268569509738015,7.187575554063129,0.9402283411685695,27.30624580255205,0.0,7.306531398939505,4.147388673605554,2.1026178288959687,3.343082480035409,2.117042120881736,1.638489532411637,1.1322462160687548,1.4685843448610454
GO_FIRST,Delhi,Kolkata,1279,69.98483189992189,10.389523064894444,0.9351055512118843,26.11415168100078,0.0,7.154615356913663,4.262466219005695,2.4326939034387904,3.30005579383646,2.098584068426409,1.66059977979658,1.233345347505481,1.4586279979261427
Air_India,Delhi,Kolkata,3537,241.0040147017257,16.178512864009278,0.9332767882386203,25.423522759400623,0.3780039581566299,8.17131687471973,5.488954315695632,2.843659350761045,3.2742546270489368,2.2160808827975638,1.8701013953454293,1.346424868752753,1.4526097309410435
Air_India,Delhi,Hyderabad,2883,206.66656260839417,15.838848421782878,0.8733957682969129,26.359001040582726,0.37703780783905655,7.96693349840484,5.335933729036044,2.8236886229713427,3.309045580413174,2.193543755683331,1.8462371950249818,1.3412155648265498,1.4607164365339336
GO_FIRST,Delhi,Hyderabad,497,59.339839034204914,7.70342052313885,0.7565392354124748,29.01810865191147,0.0,6.210600077024653,4.099992566080769,2.1637161119711683,3.4018008212862196,1.9755521762697152,1.629239082097996,1.1517473214713252,1.4820137347580482
Air_India,Delhi,Chennai,2576,258.7992236024821,16.739169254658187,0.9262422360248447,26.34006211180124,0.4545807453416149,7.854381210652365,5.5599091157889315,2.8757751468479564,3.3083531031220907,2.180912388573113,1.8809767485595583,1.354745680696645,1.460555720448255
GO_FIRST,Delhi,Chennai,809,55.96600741656387,9.44042027194067,1.0,28.69221260815822,0.0,6.697034247666484,4.042454728827617,2.3456848375772585,3.3908848096822517,2.0408350920247402,1.6178930128837896,1.2076714073266244,1.479530757958837
GO_FIRST,Mumbai,Delhi,1684,61.96781472684085,6.324465558194823,0.7226840855106889,26.53087885985748,0.0,7.429520842786462,4.142623718497504,1.9912201909027323,3.3153082423593667,2.131739930871227,1.6375634003007973,1.0956813947591928,1.462168757061517
Air_India,Mumbai,Delhi,4650,244.9287526881714,13.287913978494707,0.8651612903225806,25.89763440860215,0.45505376344086024,8.444837529224097,5.505041870764643,2.6594140035739358,3.2920383425401636,2.245468299029353,1.8725775486485405,1.2973030262814382,1.456761758218801
GO_FIRST,Mumbai,Bangalore,1383,59.664714389009426,8.508676789587893,0.8474331164135936,25.95806218365871,0.0,7.232733136177615,4.105362217489942,2.252204728031996,3.2942824060000677,2.1081180538686355,1.6302914025745632,1.1793331442033965,1.4572844648766858
Air_India,Mumbai,Bangalore,3632,279.91935572686776,16.208452643171736,1.0280837004405285,25.196035242290748,0.401431718061674,8.197814032221203,5.638067637848306,2.8454006958484266,3.265608072685897,2.218965850629061,1.8928209027379321,1.346877809712141,1.450584743509346
GO_FIRST,Mumbai,Kolkata,1150,67.17408695652172,10.007391304347859,0.8860869565217391,27.008695652173913,0.0,7.048386408721883,4.222064535998357,2.398566983908838,3.3325150209679486,2.085471625216958,1.6528928286835969,1.2233538674554976,1.466148209645572
Air_India,Mumbai,Kolkata,3478,262.4635997699834,15.832058654399077,1.0117883841288096,24.97354801610121,0.4079930994824612,8.154500175151941,5.573915217148644,2.8232853212449904,3.2570786361389876,2.214245580803401,1.8831095784671463,1.3411100847426192,1.448583158871551
Air_India,Mumbai,Hyderabad,3425,206.78621897810368,16.498656934306496,1.005839416058394,25.068029197080293,0.3383941605839416,8.139148678884066,5.336509757785021,2.862124131373239,3.2607096285048103,2.212567238773999,1.8463281054717278,1.35121732522289,1.4494357258696842
GO_FIRST,Mumbai,Hyderabad,1202,50.65341098169627,10.2420133111481,1.0,27.84359400998336,0.0,7.0925737159746784,3.9445562336889797,2.4196579486343412,3.3618879235839163,2.0909468159488074,1.5982872206410867,1.2295405310534797,1.4729049736354796
Air_India,Mumbai,Chennai,3192,244.2947681704257,16.20206766917297,0.9887218045112782,25.198621553884713,0.37124060150375937,8.068716192714781,5.50246062274684,2.8450295899183744,3.2657067969358193,2.204830709755311,1.872180662612505,1.3467812986154792,1.4506078874798676
GO_FIRST,Mumbai,Chennai,149,47.33489932885904,4.240939597315435,0.47651006711409394,30.22818791946309,0.0,5.0106352940962555,3.8781538531350273,1.65650079472317,3.4413211458991895,1.7935304491330344,1.5847668395044292,0.977009766070559,1.4909518875660106
Air_India,Bangalore,Delhi,2633,227.68313710596132,13.03676414736053,0.8218761868590961,25.047854158754273,0.41131788834029626,7.876258882303226,5.432337364624053,2.641679898199769,3.2599353908622826,2.183380171195623,1.8613379814688313,1.2924450856798777,1.4492539937020141
GO_FIRST,Bangalore,Delhi,1446,60.77441217150777,7.486376210235134,0.9349930843706777,27.895573997233747,0.0,7.277247726631484,4.123489236192132,2.138462078844251,3.363688434505253,2.1135105129747083,1.6338356983853461,1.1437328961293307,1.4733176709457776
GO_FIRST,Bangalore,Mumbai,1337,60.859985041136845,9.788556469708293,0.8818249813014211,26.954375467464473,0.0,7.198931240688173,4.1248735254388675,2.3784859862338052,3.3305737335910446,2.104003809274225,1.6341058467568181,1.2174276760760212,1.465700035220861
Air_India,Bangalore,Mumbai,3555,281.87485232067564,14.591617440225043,0.9777777777777777,25.051758087201126,0.41265822784810124,8.176391596633795,5.645004581887902,2.7467334262593766,3.2600852548741575,2.216634055097134,1.8938653816891098,1.3208843740353204,1.4492891729622817
Air_India,Bangalore,Kolkata,2026,320.1672260612047,16.945607107601226,1.018756169792695,24.55923000987167,0.43336623889437315,7.614312146452,5.7719619409425675,2.8873453556016186,3.2409985042461704,2.153425023083799,1.9127908441934554,1.3577264968045595,1.4447987378034433
GO_FIRST,Bangalore,Kolkata,873,63.7106529209625,10.554180985108822,0.8957617411225659,27.124856815578465,0.0,6.773080375655535,4.169925838972877,2.4470473615179222,3.3366537695099705,2.0506665305594143,1.6428583439247808,1.2375180273643058,1.4671030298726284
Air_India,Bangalore,Hyderabad,2228,257.3459156193916,17.234560143626577,1.0426391382405744,25.232046678635548,0.35502692998204666,7.709308333385869,5.554299445122608,2.9033187024246954,3.266981818994696,2.1643923770781397,1.8801212381439032,1.3618271406231408,1.4509067433565455
SpiceJet,Bangalore,Hyderabad,31,47.7,1.0580645161290323,0.0,10.03225806451613,0.0,3.4657359027997265,3.885679030088544,0.7217659858655979,2.400823532577459,1.496434016604423,1.586308278923462,0.543350500060871,1.2240176177566446
GO_FIRST,Bangalore,Hyderabad,473,53.10570824524312,9.394926004228331,0.8858350951374208,27.864693446088793,0.0,6.161207321695077,3.990939693137421,2.341317802884287,3.362619168192819,1.9686785871062156,1.607624207292335,1.2063652809352927,1.4730726036466475
Air_India,Bangalore,Chennai,1610,294.4333540372679,17.038509316770163,1.1236024844720496,26.2472049689441,0.3857142857142858,7.384610383176974,5.688443275156127,2.8925088791121727,3.3049509459015907,2.1263979282656003,1.9003811527660757,1.35905390580554,1.4597657431345399
SpiceJet,Bangalore,Chennai,58,28.78448275862069,1.1,0.0,19.896551724137932,0.0,4.07753744390572,3.393987545095406,0.7419373447293773,3.0395841560828405,1.6248263889219656,1.4802371394330043,0.554997910349126,1.3961417550125683
GO_FIRST,Bangalore,Chennai,369,58.89457994579947,10.527913279132793,1.0,29.357723577235774,0.0,5.91350300563827,4.092586015982301,2.4447713360399175,3.4130509687292503,1.9334764565955942,1.6277857596943512,1.236857526657415,1.4845662798987667
GO_FIRST,Kolkata,Delhi,1154,74.05433275563256,9.730589254766041,0.9532062391681109,27.677642980935875,0.0,7.051855622955894,4.318212288000443,2.373098471701946,3.3561178289837446,2.0859025770350583,1.6711372107906322,1.2158317497541582,1.471581254517488
Air_India,Kolkata,Delhi,3037,255.85913730655201,14.851794534079696,0.887059598287784,25.92624300296345,0.4040171221600264,8.018954683155718,5.54852783076583,2.7632827137301637,3.293101387360836,2.199328438573511,1.879240265723442,1.3252916386669928,1.457009405865677
GO_FIRST,Kolkata,Mumbai,1146,71.79092495636992,9.650785340314155,0.887434554973822,27.161431064572426,0.0,7.044905117129371,4.287591290239566,2.365633630311278,3.3379533490530156,2.085038986357316,1.6653628095168878,1.213616245611519,1.4674026583249618
Air_India,Kolkata,Mumbai,3254,264.0507682851851,15.509035033804647,1.0679164105716041,25.325445605408728,0.39305470190534725,8.08794755464267,5.579921386072078,2.8039078088468568,3.270535984957831,2.2069490911261704,1.8840227978603958,1.3360289090705513,1.4517393427724574
GO_FIRST,Kolkata,Bangalore,801,74.50162297128594,9.199250936329584,0.850187265917603,27.184769038701624,0.0,6.687108607866515,4.32415415233236,2.322314279978805,3.338781727024236,2.039544719038684,1.6722538543459233,1.2006616123691318,1.4675936006474999
Air_India,Kolkata,Bangalore,1959,314.5284328739166,17.184175599795807,0.9836651352730985,24.822868810617663,0.41551812149055645,7.580699752224563,5.75424879796481,2.900551743333565,3.2512604873261437,2.1495154663776734,1.9101717584132458,1.3611180157789213,1.4472155242168236
GO_FIRST,Kolkata,Hyderabad,366,60.44016393442625,8.648087431693982,0.773224043715847,26.994535519125684,0.0,5.905361848054571,4.118063757039409,2.266759702101105,3.3320093310977814,1.932298189261516,1.6327761950729407,1.1837985768378945,1.4660314831294488
Air_India,Kolkata,Hyderabad,2054,255.9821811100283,16.902239532619255,1.0788704965920155,24.95520934761441,0.3690360272638753,7.628031126930335,5.549006748289268,2.8849258185748097,3.256372335038011,2.1550163361850214,1.879313396665874,1.3571038893193736,1.4484172329491516
SpiceJet,Kolkata,Hyderabad,149,79.74899328859061,10.467114093959733,1.0,25.046979865771814,0.0,5.0106352940962555,4.391345495010694,2.4394832947720593,3.259901825423447,1.7935304491330344,1.684794981785843,1.2353212550952828,1.4492461143404762
SpiceJet,Kolkata,Chennai,175,63.93771428571429,11.398857142857143,0.56,21.708571428571428,0.0,5.170483995038151,4.173428568730256,2.5176043024648362,3.122742449188248,1.8197772781208725,1.6435356348215655,1.257780162008811,1.4165185849262472
Air_India,Kolkata,Chennai,2096,316.6791030534338,16.760353053435097,1.0801526717557253,25.19179389312977,0.4351145038167939,7.64826303090192,5.761041763391138,2.8769686165012955,3.2654461515206097,2.15735849510355,1.9111769851921308,1.3550535638665773,1.4505467830976428
GO_FIRST,Kolkata,Chennai,123,103.04146341463407,11.634146341463417,1.170731707317073,29.10569105691057,0.0,4.820281565605037,4.64478950636613,2.5364031755551752,3.4047142255411953,1.7613486395430595,1.7307329083972913,1.263110158511776,1.4826753822646428
Air_India,Hyderabad,Delhi,2385,216.2944654088061,13.200503144654197,0.8448637316561844,26.386163522012577,0.40125786163522015,7.777373602657861,5.381253417121208,2.6532773967016174,3.3100379048997586,2.1721772288038603,1.8533645384247142,1.2956246816127233,1.460946698717299
GO_FIRST,Hyderabad,Delhi,649,63.13220338982998,7.777966101694926,0.8659476117103235,27.822804314329737,0.0,6.476972362889683,4.160946630746591,2.1722447295241274,3.361166890290406,2.011827945727636,1.6411200182386008,1.1544394538620708,1.4727396569406892
Air_India,Hyderabad,Mumbai,3233,210.24447881224944,15.114877822455853,1.0439220538199814,25.713888029693784,0.3359109186514074,8.081475040137052,5.353016130095734,2.779742933634928,3.285183581099464,2.206236628774035,1.8489296812542149,1.3296560003440305,1.4551633938623496
GO_FIRST,Hyderabad,Mumbai,1166,51.328987993140686,9.827958833619222,1.0,28.27015437392796,0.0,7.062191632286556,3.9575504812546494,2.38213156989954,3.376568374824767,2.087185434232193,1.60091176416474,1.2185061527059495,1.4762649412431734
GO_FIRST,Hyderabad,Bangalore,331,52.06948640483384,8.816012084592138,0.8006042296072508,28.093655589123866,0.0,5.805134968916488,3.9716021191,2.284014938519521,3.3705201294151084,1.9176774696931478,1.6037421461301777,1.189066740459105,1.474882024774306
Air_India,Hyderabad,Bangalore,1670,291.0785628742545,13.82850299401208,0.9652694610778443,25.49880239520958,0.429940119760479,7.421177528595393,5.677022817019796,2.6965512066184707,3.277099539337358,2.1307496674781037,1.898672202126115,1.3074002786496175,1.4532751021414465
SpiceJet,Hyderabad,Kolkata,168,74.50059523809526,12.592261904761921,0.8928571428571429,21.785714285714285,0.0,5.1298987149230735,4.324140540172182,2.609500653221796,3.126133773169586,1.8131782269605679,1.6722512976623283,1.2835694395699937,1.4173408361228934
GO_FIRST,Hyderabad,Kolkata,320,55.34312499999956,9.0234375,0.74375,27.50625,0.0,5.771441123130016,4.031460227718654,2.304926100696019,3.3501233614778734,1.9127139332707952,1.6157102457030783,1.195414113203746,1.4702042036589156
Air_India,Hyderabad,Kolkata,2133,264.6425222691045,17.171870604781976,0.9948429442100328,25.88373183309892,0.40225035161744027,7.665753431861699,5.582151503692578,2.8998748272897,3.2915213390951257,2.1593788705544945,1.884361668137216,1.3609444570537834,1.4566412945732186
Air_India,Hyderabad,Chennai,1667,295.72399520095973,15.837372525494827,1.0215956808638271,26.214757048590283,0.4637072585482904,7.419380582918692,5.692802397639623,2.823600970838919,3.3037593647322354,2.130536260574173,1.901032679947369,1.341192641114468,1.4594889116153067
SpiceJet,Hyderabad,Chennai,15,37.193333333333314,1.3,0.0,20.533333333333335,0.0,2.772588722239781,3.6426609803123213,0.832909122935104,3.0696021221204464,1.327761429538331,1.5352876889935363,0.6059043893061568,1.4035452359830463
GO_FIRST,Hyderabad,Chennai,38,21.392105263157898,1.4526315789473685,0.02631578947368421,30.736842105263158,0.0,3.6635616461296463,3.1087084531291262,0.8971615619651597,3.457478217560745,1.5397794579522743,1.4131087341420951,0.6403588544139575,1.4945831840490502
Air_India,Chennai,Delhi,1845,224.39165311653247,12.370406504065052,0.824390243902439,26.040108401084012,0.3907859078590786,7.520776415062797,5.417839569493786,2.5930437948450007,3.2973212600825565,2.1425074652177694,1.8590815454125973,1.2789996969925275,1.4579918658060862
GO_FIRST,Chennai,Delhi,576,54.936979166666845,10.135937499999986,1.0,29.901041666666668,0.0,6.3578422665081,4.024225685004765,2.410177491148152,3.4307898942308617,1.9957667194465687,1.6142713495352996,1.2267643401309352,1.4885778738579272
Air_India,Chennai,Mumbai,3128,255.07410485933787,16.850799232736538,0.9574808184143222,25.662084398976983,0.3865089514066496,8.048468743668883,5.545466874697384,2.8820482821665037,3.283242496202077,2.20259554380137,1.8787727298502332,1.3563629221157656,1.4547103153358896
GO_FIRST,Chennai,Mumbai,121,46.25950413223141,6.078512396694217,0.35537190082644626,31.15702479338843,0.0,4.804021044733257,3.855653779368368,1.9570637721674338,3.4706309273878126,1.7585509609170318,1.5801437537212517,1.0841968071468948,1.4975295457317923
Air_India,Chennai,Bangalore,1638,327.6583028083021,17.341025641025634,1.0787545787545787,25.399267399267398,0.4371184371184371,7.40184157874383,5.795018617765801,2.9091403889846914,3.273336259739481,2.128450917385405,1.916189787520737,1.3633175004623312,1.4523948476306106
SpiceJet,Chennai,Bangalore,55,26.71999999999999,1.3,0.0,20.745454545454546,0.0,4.02535169073515,3.3221541743217022,0.832909122935104,3.079404749278106,1.6144954397020792,1.46375392943405,0.6059043893061568,1.405951082987613
GO_FIRST,Chennai,Bangalore,382,62.06099476439768,9.104973821989528,1.0,29.191099476439792,0.0,5.948034989180646,4.144102428879864,2.3130277602524787,3.4075471616193638,1.9384588842298294,1.6378508990387552,1.1978625024714489,1.4833183355433297
Air_India,Chennai,Kolkata,1869,319.16784376671916,17.87613697164258,1.0294275013376137,25.584269662921347,0.4526484751203853,7.533693709848633,5.768845370056551,2.937898530229135,3.2803196748061922,2.1440222935485638,1.9123305214269513,1.3706472130564045,1.4540276971797967
SpiceJet,Chennai,Kolkata,145,51.40275862068965,9.957241379310346,0.496551724137931,22.93103448275862,0.0,4.983606621708336,3.958959235374283,2.394000550870334,3.1751761305203305,1.7890235001604364,1.601195887141345,1.222009329119132,1.4291565443639518
GO_FIRST,Chennai,Kolkata,172,87.17616279069767,9.928488372093021,1.0,26.959302325581394,0.0,5.153291594497779,4.479336663341063,2.3913729918090967,3.33074996446421,1.8169871572575529,1.7009840467975923,1.2212348517300695,1.4657407289714546
SpiceJet,Chennai,Hyderabad,51,36.21372549019608,7.068627450980392,0.37254901960784315,15.92156862745098,0.0,3.9512437185814275,3.6166776580185482,2.0879833873927987,2.828589058359102,1.5996388013001026,1.5296753247606452,1.1275182524177476,1.3424963432461834
Air_India,Chennai,Hyderabad,1432,297.48819832402313,14.662569832402196,1.0125698324022345,25.17108938547486,0.4504189944134078,7.267525427828172,5.698730395448127,2.7512737787854125,3.264655342938746,2.1123352415059933,1.9019180152241149,1.322095456648827,1.4503613671129343
GO_FIRST,Chennai,Hyderabad,38,17.78157894736842,1.4263157894736842,0.02631578947368421,30.657894736842106,0.0,3.6635616461296463,2.9328765462506357,0.8863739708361624,3.4549875562482932,1.5397794579522743,1.36937110375047,0.6346564523788858,1.494024267708612
